Product Name,Price
Digital Watch - For Boys G80 Day & Date Display,₹229
2038-WH Day and Date Analog Watch - For Men 2038-WH,₹319
KIDS-G-SPORT LOOK BAND SHOCK CHRONOGRAPH RESISTANCE Dig...,₹199
Wrist Men Watch Ultra Watch with Alarm & Water Resist F...,₹269
Wrist Watch Sport Watch with Water Resist Feature 1260 ...,₹276
Analog Watch - For Men DTWGC0000303,"₹18,769"
Analog Watch - For Women AW24_HSWC1184,"₹1,249"
Analog Watch - For Women AW24_HSWC1219,₹989
Automatic Silver Dial Analog Watch - For Men TWEG208SM...,"₹6,659"
Elivor Fashion Combo Mens Watch BLACK & ORANGE Digital ...,₹299
OTUS Limited Day and Date Functioning Series Square Dia...,₹349
Brown Day and Date Functioning Check Pattern Strap Quar...,₹299
Analog Watch - For Men sb04 black-blue-white,₹448
Analog Watch - For Women GZ-60015-22,"₹5,450"
Elegant Series Square Analog Quartz For Men/Boys Analog...,₹329
Analog Watch - For Boys WRG00112E,₹489
Men Analog Watch - For Men LD-BK0054-OCEAN Silicone St...,₹288
4075-BK Elegant Design Analog Watch - For Men 4075-BK,₹329
Analog Watch - For Women L 6179 WM-10 | 3 ATM Water Re...,"₹1,796"
Elegant Series Square Analog Quartz For Men/Boys Analog...,₹355
Combo Analog Watch - For Men Abx8010-Gents Exclusive (...,₹345
Trending Day & Date Series Stainless Steel Chain for Bo...,₹330
Mesh Strap Multicolor Dial Quartz Analog Watch - For M...,₹249
Poze Green Dial Brown Strap Analog Watch - For Men SP7...,₹779
Digital Watch - For Boys & Girls 5400,₹274
Ultra 24C Digital Watch - For Boys & Girls Ultra 24C,₹141
Mahadev Watch And Bracelet Combo Set Analog Watch - Fo...,₹278
Day and Date Functioning Olive Green Dial Metal Strap Q...,₹299
Analog Watch - For Women L 6180 WM-02 | 3 ATM Water Re...,"₹2,156"
Analog Watch - For Men PE000017B,"₹1,499"
With New Design RASA Chain & Bracelet Gold Special Comb...,₹449
Classic Series Mesh Chain Stainless Steel Square Quartz...,₹299
Blue Dial Stainless Steel Analog Watch - For Men TW0TG...,₹629
Water Resistance Digital Watch - For Boys & Girls Bran...,₹189
New Gen Sports Alarm Digital Watch - For Boys Black Sp...,₹319
Blue Dial Stainless Steel Analog Watch - For Men TWTG8...,"₹1,149"
Day And Date Functioning High Quality Combo Of King Pri...,₹349
Magnet Rose Gold Analog Watch - For Girls Queen Gold M...,₹259
Analog Watch - For Men Combo Pack Of 2 New Arrival Bla...,₹249
Analog Watch - For Men PE000017D,"₹1,019"
Magnetic Chain magnet strap with bracelet hand watch gi...,₹279
FOGG-1141-Blue Day and Date Analog Watch - For Men 114...,₹299
Analog Watch - For Men NP1773SL02,"₹1,079"
Modern touch with Luxury-Bold touch Analog Watch - For...,₹339
2024 Edition Analog Watch - For Men AS000060D,"₹1,019"
2023 Edition Analog Watch - For Men AS000010P,₹849
Rose Gold Mesh Magnet Chain Analog Watch - For Women J...,₹294
Blue Dial Stainless Steel Mesh Chain Analog Watch - Fo...,₹280
Digital Watch looks like smart watch Digital Watch - F...,₹141
Analog Watch - For Women New Trending Black-Silver Rou...,₹404
Day & Date Analog Watch - For Men Antique 2.0 Day & Da...,₹363
Trending Day & Date Functioning for Boys Analog Watch ...,₹350
Silver Dial Stainless Steel Analog Watch - For Men TW0...,₹579
Tees Analog Watch - For Men & Women NG38003PP08,₹469
Analog Watch - For Men WRG00066A,₹389
Fancy Design Stylish ALPHABET P Dial Green Leather Stra...,₹293
5501-BLACK Fogg Elite Couple Black Platted Premium Day ...,₹799
LK203 Analog Watch - For Men Day and Date Functioning ...,₹438
New Generation Black LED Display Top Latest Design In M...,₹149
Analog Watch - For Men AS000010B,₹819
Trending Daily Wear Watch for Men Analog Watch - For M...,₹390
All Black Day & Date Functioning Long Life Black Plated...,₹499
Exclusive Design Style Hot Selling Latest 23th Model An...,₹149
Analog Watch - For Women Black Butterfly NLLR201,₹383
Silver Dial Leather Strap Analog Watch - For Men TW0TG...,₹599
Tees Analog Watch - For Men & Women 38024PP59W,₹529
Artificial Leatherette Strap watch Analog Watch - For ...,₹359
Timewear 0201BG premium watch Analog Watch - For Men &...,₹369
New Good Looking Attractive Watch Digital Watch - For ...,₹140
Analog Watch - For Women Analog Watch,₹269
Provogue Classy look premium quality semi water resista...,₹320
Original Gold Plated Day & Date Functioning For Boys An...,₹560
Analog Watch - For Men AS000024B,"₹1,269"
Analog Watch - For Women VH000008E,"₹1,179"
2023 Edition Analog Watch - For Women VH000046C,"₹1,089"
Analog Watch - For Women DRW-05,₹379
Big Dial Analog Watch - For Men KL-9301-SILVER,₹379
Timewear 0202BW premium watch with PU Strap Analog Watc...,₹396
2023 Edition Analog Watch - For Men AS000046C,₹789
Working Day and Date Analog Watch - For Men KL-9200-BR...,₹349
Analog Watch - For Men Watch,"₹6,657"
Disney Mickey-AZ76 Analog Watch - For Boys & Girls AZ7...,₹449
Pattern Analog Watch - For Women VH000028D,"₹1,299"
Youth ( MW-240-7EVDF ) Analog Watch - For Men A1667,₹819
TwoTone Wrist Chain Watch For Mens & Boys Brand Gold Wa...,₹339
Tees Analog Watch - For Men & Women 38024PP57W,₹579
Disney Princess Pink Wrist Watch-AZ67 Analog Watch - F...,₹469
G-SHOCK GD-100-1BDR Dial Black Resin Strap Digital Watc...,"₹7,995"
Black Dial Stainless Steel Analog Watch - For Men TW0T...,₹679
Low cost - Astra Analog Watch - For Women NP87018YM01,₹825
G-SHOCK GD-350-1BDR Dial Black Resin Strap Digital Watc...,"₹8,495"
G-SHOCK Gray Ip Dial Green Cloth Band Analog-Digital Wa...,"₹16,995"
Analog Watch - For Women VH000008D,"₹1,089"
Analog Watch - For Men PE000017E,"₹1,549"
Analog Watch - For Men 3240SL01,"₹1,109"
Analog Watch - For Men NN7987YL02W,₹649
Edifice EF-539D-1A2VUDF Black Dial Silver Stainless Ste...,"₹10,995"
Edifice EF-539D-1AVUDF Black Dial Silver Stainless Stee...,"₹10,995"
Analog Watch - For Women DK11138-5,"₹2,009"
Digital Watch - For Boys & Girls s47_BlackUltW,₹279
G-SHOCK GA-2100-1ADR Black Dial Resin Strap Analog-Digi...,"₹9,195"
G-SHOCK Brown Ip Dial Resin Strap Analog-Digital Watch ...,"₹16,995"
Big Dial Analog Watch - For Men KL-9301-BLACK,₹379
Automatic White Dial Analog Watch - For Men TWEG208SMU...,"₹5,489"
Volt + Analog Watch - For Men NP77085PL02W,₹849
Analog Watch - For Men NN7007YM04,"₹1,425"
G-SHOCK Women Pink Dial Resin Strap Analog-Digital Watc...,"₹9,295"
Analog-Digital Watch - For Men G1162 (GM-2100N-2ADR),"₹16,995"
Mechanical Automatic Analog Watch - For Men 90195SM01,"₹10,979"
Analog Watch - For Men PE000029A,₹859
G-Shock Black Dial Resin Strap Analog-Digital Watch - ...,"₹11,995"
G-SHOCK GA-400GB-1A4DR Black-Gold Dial Resin Strap Anal...,"₹10,495"
Digital Watch - For Boys & Girls FB-003-KDS/SPDR,₹283
Analog Watch - For Men 7140SM04,"₹1,529"
Maxima Elite Analog Watch - For Men L-63070LMGI,₹329
Youth Digital ( W-218H-4B2VDF ) Digital Watch - For Bo...,"₹1,695"
2023 Edition Analog Watch - For Men AS000050C,"₹1,489"
White Dial Analog Watch - For Men A303,₹799
Provogue Long Life premium quality semi water resistant...,₹340
Silver Dial Stainless Steel Analog Watch - For Men TW0...,₹869
Multi Function Silver Dial Analog Watch - For Men TWEG...,"₹1,589"
Wrist Men Watch Ultra Watch with Alarm & Water Resist F...,₹269
Wrist Watch Sport Watch with Water Resist Feature 1260 ...,₹276
Analog Watch - For Women AW24_HSWC1184,"₹1,249"
Analog Watch - For Men U1413G2M,"₹13,495"
Ultra 24C Digital Watch - For Boys & Girls Ultra 24C,₹141
Exclusive Design Style Hot Selling Latest 23th Model An...,₹149
By Sonata Analog Watch - For Men NF7921PP13,₹595
Analog Watch - For Women AW24_HSWC1219,₹989
Izzy Analog Watch - For Women ES4782,"₹5,679"
SONATA ASPIRE 1.0 Analog Watch - For Men 77105NM04W,"₹1,499"
Analog Watch - For Women GZ-60015-22,"₹5,450"
Silver Dial Analog Watch - For Men TWTG80SMU16,"₹1,069"
Chronograph Analog Watch - For Men LC07838.270,"₹3,389"
Volt + Analog Watch - For Men NP77085PL02W,₹849
Alpha Black Dial Analog Watch - For Women 6222NL02,"₹1,695"
Alpha Black Dial Analog Watch - For Men 3242NM01,"₹2,295"
Analog Watch - For Women L 6179 WM-10 | 3 ATM Water Re...,"₹1,796"
Enticer Men's ( MTP-VD01D-1E2VUDF ) Analog Watch - For...,"₹2,995"
Trendies Analog Watch - For Women 68007PP03,₹909
2023 Edition Analog Watch - For Women AS000047A,₹849
Analog Watch - For Women L 6180 WM-02 | 3 ATM Water Re...,"₹2,156"
Digital Watch - For Girls Waterproof Casual Luminous S...,₹131
Silver Dial Watch Gift Set Analog Watch - For Couple T...,"₹2,829"
Aura Analog Watch - For Men 3240SL04,"₹1,889"
New Gen Sports Alarm Digital Watch - For Boys Black Sp...,₹319
Analog Watch - For Men TWTG10509,"₹1,997"
Youth- Digital Watch - For Boys & Girls D228 (W-737H-1...,"₹1,539"
Tees Analog Watch - For Men & Women 38024PP57W,₹579
Analog mens watches watches for men -MJCR1 Analog Watch...,₹995
Analog Watch - For Men TW000X130,"₹3,734"
Essential Gents collection Analog Watch - For Men NP77...,"₹1,345"
Digital Watch - For Boys & Girls s47_BlackUltW,₹279
Analog Watch - For Men Black Plain KNLR21,₹317
Analog Watch - For Men PE000003B,₹849
Vintage Rose Gold Dial Rose Gold Stainless Steel Band D...,"₹4,495"
Metallica Analog Watch - For Men 3273NM01,"₹3,195"
Fancy Design Stylish ALPHABET R Dial Black Leather Stra...,₹293
Youth ( AE-1200WH-1AVDF ) Digital Watch - For Men D097,"₹2,595"
Youth Digital Watch - For Men A2249 (WS-1700H-8AVDF),"₹2,995"
Analog Watch - For Women AS000016C,₹889
Fancy Design Stylish ALPHABET K Dial Green Leather Stra...,₹293
Multi Function Black Dial Analog Watch - For Men TWHG0...,"₹2,239"
Champagne-Dial Analog Watch - For Men TW000R431,"₹1,069"
"Digital 24 Spiderman Wonderful Projector Kids, Diwali G...",₹245
Modern touch with Luxury-Bold touch Analog Watch - For...,₹339
Provogue Long Life premium quality semi water resistant...,₹320
Trendies Analog Watch - For Women 68007PP02,"₹1,049"
Golden Dial Analog Watch - For Men A304,₹699
Analog Watch - For Women New Trending Black-Silver Rou...,₹404
Blue Dial Stainless Steel Analog Watch - For Men TWTG8...,"₹1,149"
Analog Watch - For Men Combo Pack Of 2 New Arrival Bla...,₹249
DK11599-4 Analog Watch - For Men DK11599-4,"₹1,679"
Fancy Design Stylish ALPHABET P Dial Green Leather Stra...,₹293
Analog Watch - For Men WRG00065C,₹819
Youth Combination ( AEQ-100W-1BVDF ) Analog-Digital Wat...,"₹3,995"
Analog Watch - For Men NN7987YL02W,₹649
Analog Watch - For Women Black Butterfly NLLR201,₹383
2023 Edition Analog Watch - For Men AS000046C,₹789
Karishma Analog Watch - For Women NP2593SM03,"₹1,580"
Analog Watch - For Men PE000017D,"₹1,019"
Analog Watch - For Women Analog Watch,₹269
Multi Function Silver Dial Analog Watch - For Men TWEG...,"₹1,409"
Youth Digital ( AE-1100W-1AVDF ) Digital Watch - For B...,"₹1,389"
Analog Watch - For Men NP9441SL03,"₹4,029"
Vintage Black Dial Silver Stainless Steel Band Digital ...,"₹1,995"
Tees RIO Analog Watch - For Men & Women 38021PP11J,₹780
Analog Watch - For Men 3274NM01,"₹2,599"
New Generation Black LED Display Top Latest Design In M...,₹149
Analog Watch - For Women 87037PL01W,₹509
Youth ( MW-240-7EVDF ) Analog Watch - For Men A1667,₹819
Essential Gents Analog Watch - For Men NN77105SM01W,"₹1,185"
Big Dial Analog Watch - For Men KL-9301-SILVER,₹379
Essential Gents collection Analog Watch - For Men 7708...,"₹1,745"
2024 Edition Analog Watch - For Men PE000066E,"₹2,009"
Stunners 6.0 Analog Watch - For Men 3278SM04,"₹1,495"
Analog Watch - For Men PE000029A,₹859
Stunners 1.0 Analog Watch - For Men 3254NM01,"₹2,395"
Grey Dial Stainless Steel Analog Watch - For Women TWH...,₹849
Analog Watch - For Men 3274NL01,"₹1,169"
Digital Watch looks like smart watch Digital Watch - F...,₹141
2024 Edition Analog Watch - For Men AS000060D,"₹1,019"
Vyb Muse White Dial White Strap Analog Watch - For Wom...,"₹1,369"
Silver Dial Analog Watch - For Men TW00ZR254,₹809
Analog Watch - For Men NP7987YL01W,₹649
SF Essentials Digital Watch - For Men NL77073PP02A,₹695
Analog Watch - For Men WRG00064B,₹699
Automatic Blue Dial Analog Watch - For Men TW000Z804,"₹8,339"
Silver Dial Analog Watch - For Women TWEL107SMU04,"₹1,249"
Provogue Classy look premium quality semi water resista...,₹320
KIDS-G-SPORT LOOK BAND SHOCK CHRONOGRAPH RESISTANCE Dig...,₹199
Analog Watch - For Men AS000025D,"₹1,459"
Provogue Long Life premium quality semi water resistant...,₹340
Analog Watch - For Men AS000024B,"₹1,269"
Analog Watch - For Women AS000015E,₹839
Enticer Men's ( MTP-VD01D-1BVUDF ) Analog Watch - For ...,"₹2,995"
SPLASH 3.0 Analog Watch - For Women 87036PP02W,₹489
Analog Watch - For Women 8096YM02C,"₹1,125"
Aura Analog Watch - For Women 6268NM02,"₹1,229"
2023 Edition Analog Watch - For Men PE000061A,"₹1,479"
FK Exclusive Analog Watch - For Men 3294NL01,"₹1,459"
Black Dial & Pink Silicon Strap Square LED Digital Watc...,₹149
Essential Gents collection Analog Watch - For Men NP77...,"₹1,225"
White Dial Analog Watch - For Men TW0TG8200,₹619
Neo Economy 2019 Analog Watch - For Men NP1802SL08,"₹1,995"
Dual Time Analog Watch - For Men LC07881.399,"₹2,719"
Analog Watch - For Women AMWW227,₹794
Karishma Revive Analog Watch - For Women NP2593SM01,"₹1,720"
White Dial Leather Strap Analog Watch - For Men TW0TG7...,₹599
Camo Analog Watch - For Men 77086PP11W,₹745
Analog Watch - For Women VH000007E,"₹1,089"
Vintage Gold Dial Gold Stainless Steel Band Digital Wat...,"₹5,295"
Analog Watch - For Women AS000015G,"₹1,079"
Karishma Analog Watch - For Men NN1648YM01,"₹1,995"
Analog Watch - For Men AS000001B,"₹1,349"
Automatic Green Dial Analog Watch - For Men TWEG208SMU...,"₹6,659"
Green Dial Stainless Steel Analog Watch - For Women TW...,"₹1,179"
Multi Function Black Dial Analog Watch - For Men TWHG3...,"₹2,329"
Analog Watch - For Women NP8976YL01W,₹675
Digital Watch - For Boys & Girls Trending Black Colour...,₹299
FK Exclusive Analog Watch - For Women 6284SL01,₹959
Analog Watch - For Men 02202PPGW,₹499
Analog Watch - For Men WRG00065B,₹929
Lagan 2021-22 Analog Watch - For Women 2656WL01,"₹1,995"
Timewear 0201BG premium watch Analog Watch - For Men &...,₹369
Vintage A700WM-7ADF Silver Dial Silver Stainless Steel ...,"₹3,695"
Maxima Elite Analog Watch - For Men L-63070LMGI,₹329
Analog Watch - For Women AS000016A,₹869
Automatic Black Dial Analog Watch - For Men FCA05-5,"₹4,319"
Analog Watch - For Women 87036PL03W,₹479
Minimalists Analog Watch - For Men 38024PP24,₹895
Analog Watch - For Men PE000010A,₹689
Automatic Silver Dial Analog Watch - For Men TWEG208SM...,"₹6,659"
Neo Ladies Analog Watch - For Women NN2480KM01,"₹3,245"
Tees Analog Watch - For Men 68013PP11,₹549
Gold Edit 2 Analog Watch - For Women 87043YL02W,₹999
Zoop upgrade Analog Watch - For Boys & Girls NEC4006PP...,₹845
ENTICER MEN Analog Watch - For Men A2317 ( MTP-V006L-1...,"₹2,495"
Vyb Classique Blue Dial Silver Strap Analog Watch - Fo...,"₹1,169"
Black Dial Analog Watch - For Women TWEL148SMU03,"₹1,049"
Professionals 1 Analog Watch - For Women NP8100SM03,"₹1,025"
Multi Function Pink Dial Wo Analog Watch - For Women T...,"₹1,259"
LK203 Analog Watch - For Men Day and Date Functioning ...,₹438
Basics Analog Watch - For Women 6204SL01,₹929
Black Dial Stainless Steel Analog Watch - For Women TW...,"₹1,059"
2023 Edition Analog Watch - For Women AS000047B,"₹3,304"
Analog Watch - For Men NG3120SM02,"₹1,679"
Stunners 6.0 Analog Watch - For Women 6152SM08,"₹1,495"
Digital LED Watch Digital Watch - For Boys & Girls SW ...,₹260
Bold Fonts Analog Watch - For Men NN38051SL06,"₹1,895"
Analog Watch - For Men AS000026A,"₹1,099"
Grey Dial Analog Watch - For Women TWEL155SMU02,"₹1,549"
Analog Watch - For Men NN7007YM04,"₹1,425"
Analog Watch - For Women FCN00071D,"₹1,009"
Stunners 6.0 Analog Watch - For Men 3278SM03,"₹1,495"
Upbeat 1.0 Analog Watch - For Men 3241SL01,"₹1,159"
Neon Analog Watch - For Men NG38003PP13C,₹895
Trending Daily Wear Watch for Men Analog Watch - For M...,₹390
Sleek 5.0 Analog Watch - For Men 7148SL02,"₹1,557"
By Sonata Digital Watch - For Men NH77043PP02,₹695
Eco Analog Watch - For Men NN1584SL03,"₹2,695"
Analog Watch - For Women FCJPS01,"₹1,389"
Essential Gents collection Analog Watch - For Men 7708...,₹995
Enticer ( MTP-VD01D-2BVUDF ) Analog Watch - For Men A1...,"₹2,995"
Tees Urbanique Analog Watch - For Women 38037PP23W,₹825
Tees Urbanique Analog Watch - For Men 38024PP83W,₹895
Analog Watch - For Women DK11138-7,"₹2,059"
Charectors Analog Watch - For Girls AZ22,₹385
Enticer Men Analog Watch - For Men A2371(MTP-1302D-2A2...,"₹3,995"
New Generation Black LED Display Top Latest Design In M...,₹149
Analog Watch - For Men PE000018D,₹879
Minimals Analog Watch - For Men 1806NM01,"₹3,995"
Digital Watch - For Boys & Girls Digital Watch - For B...,₹129
Space-II Analog Watch - For Women 6194NM01,"₹1,219"
Core Analog Watch - For Men 7135SL03,₹975
Analog Watch - For Women LC07448.270,"₹2,729"
Analog Watch - For Men PE000036B,₹959
Enticer Men's ( MTP-1314D-2AVDF ) Analog Watch - For M...,"₹3,395"
Vintage A700WMG-9ADF Gold Dial Gold Stainless Steel Mes...,"₹5,295"
Sona Sitara Analog Watch - For Women NN8073YM01,"₹1,899"
Vyb Starlet Gold Dial Gold Strap Analog Watch - For Wo...,"₹1,869"
Analog Watch - For Men PE00PR00A,"₹1,299"
Analog Watch - For Women NP8093YM01,"₹1,295"
Fundamentals Analog Watch - For Men NP38051SL02,"₹1,795"
Fundamentals Analog Watch - For Men NP38051SM03,"₹1,795"
SPLASH 3.0 Analog Watch - For Women 8992PL03W,₹379
Enticer ( MTP-V300L-7AUDF ) Analog Watch - For Men A11...,"₹3,795"
Chronograph Analog Watch - For Men LC07385.350,"₹3,269"
TwoTone Wrist Chain Watch For Mens & Boys Brand Gold Wa...,₹339
Wholesale Children's Birthday Cartoon Projection Kid To...,₹264
White Dial Analog Watch - For Men A303,₹799
Youth ( AE-1200WH-1BVDF ) Digital Watch - For Men D098,"₹2,595"
Enticer ( MTP-V002L-7B2UDF ) Analog Watch - For Men A1...,"₹1,039"
Vyb Halo Black Dial Gold Strap Analog Watch - For Wome...,"₹1,319"
Neo Splash Analog Watch - For Men 1805QM01,"₹6,995"
Bold Fonts Analog Watch - For Men NN38051SM07,"₹2,195"
By Sonata Digital Watch - For Men NG7982PP03J,₹549
Super Fiber Economy Analog Watch - For Men NP77113PP03...,₹619
Multi Function Black Dial Analog Watch - For Men TWEG1...,"₹1,729"
Dual Time Analog Watch - For Men LC07506.451,"₹2,999"
Continental Square Series Smart Belt Quartz Analog Watc...,₹349
Mechanical Automatic Analog Watch - For Men 90195SM01,"₹10,979"
Analog Watch - For Women DK11138-5,"₹2,009"
Karishma refresher Analog Watch - For Men NM1712YM02,"₹2,235"
By Sonata Digital Watch - For Men NG7982PP02J,₹575
Premium Analog Watch - For Men DK11599-44,"₹1,289"
Poze Silver Dial Gold Strap Analog Watch - For Men SP7...,"₹1,008"
Gorgeous Analog Watch - For Women Diamond Studded Seri...,₹341
Analog Watch - For Men LC07618.390,"₹4,219"
"Calendar, Stop Watch, Trending, Confirmable Sports Digi...",₹539
Silver Dial Stainless Steel Analog Watch - For Men TW0...,₹629
Poze Green Dial Brown Strap Analog Watch - For Men SP7...,₹779
Gents Karishma Analog Watch - For Men 1713BM02,"₹3,585"
Neo Workwear Analog Watch - For Women 2670YM02,"₹2,699"
Hampton Analog Watch - For Men AX2122,"₹7,509"
Stainless Steel Belt|Premium|Scratch Resistant|Water Re...,₹327
Automatic Silver Dial Analog Watch - For Men TWEG208SM...,"₹5,089"
Poze - Metal Analog Watch - For Women SP80076KD03WF,"₹1,795"
SF Vigour Multifunctional Sports Analog-Digital Watch ...,"₹1,495"
Water Resistance Digital Watch - For Boys & Girls Bran...,₹189
Steel Daisies Analog Watch - For Women NN8151SL01,₹795
Neo Economy 2019 Analog Watch - For Women NP2639SL05,"₹1,995"
Vyb Bliss Analog Watch - For Women FV60046QM02W,"₹1,150"
Analog Watch - For Girls Luxury Mesh Magnet Buckle Sta...,₹289
Analog Watch - For Women JWBS408,"₹1,649"
Automatic White Dial Analog Watch - For Men TWEG208SMU...,"₹5,489"
Neo Gents IV Analog Watch - For Men NQ1805NL01,"₹5,495"
Raga Moments of Joy Analog Watch - For Women NQ2606WM0...,"₹7,765"
Analog Watch - For Women HOBDB-127-RG-BK,₹690
Versatyle II Analog Watch - For Men 7140NM01,"₹2,999"
2023 Edition Analog Watch - For Men AS000050C,"₹1,489"
KARISHMA Analog Watch - For Men NN9151YM05,"₹3,045"
Poze Tan Strap with Blue Dial Analog Watch - For Men S...,₹739
Pink Dial Analog Watch - For Women TWEL128SMU02,"₹1,409"
New Good Looking Attractive Watch Digital Watch - For ...,₹149
Analog Watch - For Women TH1782597,"₹7,849"
Analog Watch - For Men PE000008B,₹709
Multifunction Black Dial Analog Watch - For Men TWHG34...,"₹1,649"
Youth Digital ( F-94WA-9DG ) Digital Watch - For Men D...,"₹1,295"
Midnight Black Dial | Silicon Mesh Strap | Wrinkle-Free...,₹204
Poze Tan Strap with Blue Dial Analog Watch - For Men S...,₹739
Pink Dial Analog Watch - For Women TWEL128SMU02,"₹1,409"
Youth Digital ( F-94WA-9DG ) Digital Watch - For Men D...,"₹1,295"
Analog Watch - For Men PE000008B,₹709
Multifunction Black Dial Analog Watch - For Men TWHG34...,"₹1,649"
Neo Economy 2019 Analog Watch - For Men NP1802SL04,"₹1,995"
Edge Ceramics Analog Watch - For Men NN1696NC01,"₹32,495"
Analog Watch - For Girls Wrist Watch,₹309
Vyb Mirage Analog Watch - For Women FV60040WM01,"₹1,450"
Silver Dial Analog Watch - For Women TWHL41SMU09,"₹1,309"
Karishma Analog Watch - For Women NM2598YM01,"₹1,995"
Linnea Analog Watch - For Women 8173SL01,₹999
Analog Watch - For Women O-66861PMLI,₹459
Chronograph Analog Watch - For Men LC07385.330,"₹4,258"
Hexa 2 Digital Watch - For Boys & Girls 77123PP01,"₹1,099"
& Kids Digital Watch - For Boys Zo0021Fix2136,₹145
Volt Analog Watch - For Men 77085PP04,₹725
Play Collection Analog Watch - For Women NP8141WM01,"₹2,195"
Analog Watch - For Men PE000009C,₹749
Women Rose Gold Dial Stainless Steel Analog Watch - Fo...,₹351
Purple Unending Beauty Analog Watch - For Women NQ9516...,"₹5,669"
Analog Watch - For Men 3242SM02,"₹1,069"
Mechanical Automatic Analog Watch - For Men 90195SL01,"₹10,979"
Midnight party Analog Watch - For Men NP3098SL02,"₹4,195"
Neo Economy 2019 Analog Watch - For Men NP1729SM07,"₹1,849"
Reloaded Analog Watch - For Men NP77031NM03,"₹2,149"
Analog-Digital Watch - For Men 38071PP01,"₹1,899"
Analog Watch - For Boys WRG00114A,₹699
Silver-Dial Analog Watch - For Men TW0TG6507,"₹1,369"
Trendies 3.0 Analog Watch - For Men NP38058PP03,"₹1,595"
LK203 Analog Watch - For Men Day and Date Functioning ...,₹438
Digital Watch - For Women Digital Waterproof Sports Sq...,₹279
Neo Gents IV Analog Watch - For Men 1802SL02,"₹1,995"
Classique Analog Watch - For Men 7987YL10W,₹849
G-SHOCK Black-Yellow Dial Black Resin Strap Analog-Digi...,"₹7,495"
Pro Diver Black Dial Quartz Analog Watch - For Men 269...,"₹5,509"
Fundamentals Analog Watch - For Women NM68010SM02,"₹1,795"
LC07254.650 Analog Watch - For Men LC07254.650,"₹2,999"
Analog Watch - For Women AMWW338,₹944
Powered by Flipkart Special Summer Collection Analog-Di...,₹649
